Company Name,Website,Owner/Management,Email,Phone,Location ,Review Count,,,,,,,,,,,,,
Fence Butler,https://fencebutlers.com/,,,(360) 362-8970,,4.9,,,,,,,,,,,,,
Vista Home Construction LLC,https://vistahome-constructionllc.com/,,info@vistahomeconstructionllc.com,(360) 953-6815,"720 SE 160th Ave STE 103 PMB# 138, Vancouver, WA 98684 Vancouver",4.9,157,,,,,,,,,,,,
Columbia Fence & Deck,,,,(360) 360-9678,,5,72,,,,,Youtubes,Tiktoks,Twitters,Phone,Emails,City,Website,URL
Bostwick Fencing,https://vancouver.bostwickfencing.com/,,,,"304 W 11th St, Vancouver, WA 98660 Vancouver",,8,,,,,0,0,0,(360) 362-8970,0,undefined,https://fencebutlers.com/,https://www.google.com/maps/search/?api=1&query=Fence%20Butler&query_place_id=ChIJoVVHa0C7lVQRrTR_WBg2JYc
MIGUEL'S FENCING,,,,(360) 953-2471,"7007 NE 72nd Cir, Vancouver, WA 98661 Vancouver",5,0,,,,,0,0,0,(360) 953-6815,1,Vancouver,https://vistahome-constructionllc.com/,https://www.google.com/maps/search/?api=1&query=Vista%20Home%20Construction%20LLC&query_place_id=ChIJw6UhF1ellVQRwSeP9r8ulh0
Fencing Pros NW,,,,(503) 575-6257,"910 NE 90th Ave, Vancouver, WA 98664 Vancouver",5,19,,,,,0,0,0,(360) 360-9678,0,undefined,undefined,https://www.google.com/maps/search/?api=1&query=Columbia%20Fence%20%26%20Deck&query_place_id=ChIJneYsOgKtLCsRNcMPJnrvV0c
Mountain View Fencing and Decks,https://mountainviewfencing.com/,,filler@godaddy.com,(360) 823-6043,"2907 NE 148th Ave, Vancouver, WA 98682 Vancouver",4.9,18,,,,,0,0,0,,0,Vancouver,https://vancouver.bostwickfencing.com/,https://www.google.com/maps/search/?api=1&query=Bostwick%20Fencing&query_place_id=ChIJRZS-BwCplVQR5onE1prtpLA
RobinWood Fencing,,,,(360) 901-4585,"1101 NW 43rd St, Vancouver, WA 98660 Vancouver",5,52,,,,,0,0,0,(360) 953-2471,0,Vancouver,undefined,https://www.google.com/maps/search/?api=1&query=MIGUEL%27S%20FENCING&query_place_id=ChIJF9Y9yOiulVQRQnvM5-bkMu4
The Fenceman Fence Company Inc.,http://www.fencemancompany.com/,,,(360) 254-2299,"2808 NE Burton Rd, Vancouver, WA 98662 Vancouver",4.8,1,,,,,0,0,0,(503) 575-6257,0,Vancouver,undefined,https://www.google.com/maps/search/?api=1&query=Fencing%20Pros%20NW&query_place_id=ChIJ00BgVVGllVQRwb5HsAU6B4w
FenceWorks NW,https://fenceworksnw.com/?utm_source=google&utm_medium=organic&utm_campaign=gmb,,,(360) 605-1989,"12308 NE 56th St Unit 1106, Vancouver, WA 98682 Vancouver",4.9,69,,,,,0,0,0,(360) 823-6043,3,Vancouver,https://mountainviewfencing.com/,https://www.google.com/maps/search/?api=1&query=Mountain%20View%20Fencing%20and%20Decks&query_place_id=ChIJeSKJKnG7lVQREmJS3JdB6Ps
"American Fence Company, LLC",http://americanfence.work/,,,(360) 723-2085,"9201 NE 53rd St, Vancouver, WA 98662 Vancouver",5,97,,,,,0,0,0,(360) 901-4585,0,Vancouver,undefined,https://www.google.com/maps/search/?api=1&query=RobinWood%20Fencing&query_place_id=ChIJ0TiGix2vlVQRLrwphPpmlFg
Adam's Affordable Fencing LLC,http://www.adamsaffordablefencing.com/,,adamsaffordablefencing@gmail.com,(360) 903-2108,,4.8,2,,,,,0,0,1,(360) 254-2299,0,Vancouver,http://www.fencemancompany.com/,https://www.google.com/maps/search/?api=1&query=The%20Fenceman%20Fence%20Company%20Inc.&query_place_id=ChIJIaR14oOvlVQRpV3qzfkgz90
M&A Fence,,,,(503) 860-4835,,4.8,60,,,,,1,0,0,(360) 605-1989,0,Vancouver,https://fenceworksnw.com/?utm_source=google&utm_medium=organic&utm_campaign=gmb,https://www.google.com/maps/search/?api=1&query=FenceWorks%20NW&query_place_id=ChIJZ0oOtS-7lVQR1NPFcRqfC48
NW Reliable Home Services,https://nwreliablehomeservices.com/,,,(360) 713-8022,"13714 NE 28th St Suite 14, Vancouver, WA 98682 Vancouver",4.9,37,,,,,0,0,0,(360) 723-2085,0,Vancouver,http://americanfence.work/,https://www.google.com/maps/search/?api=1&query=American%20Fence%20Company%2C%20LLC&query_place_id=ChIJAQDMNIeulVQRscW0Qf-KSJo
Fine Builds,,,,(360) 977-9957,,,145,,,,,1,0,0,(360) 903-2108,2,undefined,http://www.adamsaffordablefencing.com/,https://www.google.com/maps/search/?api=1&query=Adam%27s%20Affordable%20Fencing%20LLC&query_place_id=ChIJ2yFO2dSvlVQRoo-M3xMqdn8
PARR Lumber Vancouver,https://parr.com/locations/vancouver-washington-lumber/?utm_source=gmb&utm_medium=yext,,garad.derie@parr.com,(360) 696-0051,"6400 E 18th St, Vancouver, WA 98661 Vancouver",4.4,0,,,,,0,0,0,(503) 860-4835,0,undefined,undefined,https://www.google.com/maps/search/?api=1&query=M%26A%20Fence&query_place_id=ChIJc3QRDxSllVQR2LleuF5h24c
Rick's Custom Fencing & Decking,http://www.ricksfencing.com/,,,(360) 253-3792,"13203 NE Fourth Plain Blvd, Vancouver, WA 98682 Vancouver",4.5,98,,,,,0,0,0,(360) 713-8022,0,Vancouver,https://nwreliablehomeservices.com/,https://www.google.com/maps/search/?api=1&query=NW%20Reliable%20Home%20Services&query_place_id=ChIJH03R0uBX_kMRRoBzcEU66sY
Sieler Properties,http://sielerproperties.com/,,Cody.Sieler@yahoo.com,(360) 936-9579,"4209 NW Daniels St, Vancouver, WA 98660 Vancouver",,157,,,,,0,0,0,(360) 977-9957,0,undefined,undefined,https://www.google.com/maps/search/?api=1&query=Fine%20Builds&query_place_id=ChIJY8G6G6wAJE8ReIfU0J8oS9M
Vulcan Design & Construction,http://www.vulcandc.com/,,info@vulcandc.com,(360) 604-4777,"351 Grand Blvd, Vancouver, WA 98661 Vancouver",4.5,0,,,,,2,0,0,(360) 696-0051,2,Vancouver,https://parr.com/locations/vancouver-washington-lumber/?utm_source=gmb&utm_medium=yext,https://www.google.com/maps/search/?api=1&query=PARR%20Lumber%20Vancouver&query_place_id=ChIJ1QgecH6vlVQRCYJ0-dFy0Ic
NR Construction Concepts LLC,https://fencecontractorwa.com/,,,(360) 505-8927,,,88,,,,,2,0,1,(360) 253-3792,0,Vancouver,http://www.ricksfencing.com/,https://www.google.com/maps/search/?api=1&query=Rick%27s%20Custom%20Fencing%20%26%20Decking&query_place_id=ChIJdRfXpRiwlVQR4UdaODJvNVs
Perez Landscaping Maintenance LLC,https://perezlandscapingmaintenanceor.com/,,Obdulioperez67@gmail.com,,"9301 E Mill Plain Blvd, Vancouver, WA 98664 Vancouver",4.6,0,,,,,0,0,0,(360) 936-9579,2,Vancouver,http://sielerproperties.com/,https://www.google.com/maps/search/?api=1&query=Sieler%20Properties&query_place_id=ChIJ_wruj-qvlVQRhnHiWDFF_eE
Able Fence Company Inc.,http://www.ablefenceinc.com/,,ablefenceco@comcast.net,(360) 256-5896,"6612 NE St Johns Rd, Vancouver, WA 98661 Vancouver",4.2,14,,,,,0,0,0,(360) 604-4777,1,Vancouver,http://www.vulcandc.com/,https://www.google.com/maps/search/?api=1&query=Vulcan%20Design%20%26%20Construction&query_place_id=ChIJsTPMgXivlVQRKCKAp8YLo64
Cowboy Creek Construction,https://www.fencesbycowboycreek.com/,,,(360) 356-6842,"2005 SE 192nd Ave Suite 200, Camas, WA 98607 Camas",5,25,,,,,0,0,0,(360) 505-8927,0,undefined,https://fencecontractorwa.com/,https://www.google.com/maps/search/?api=1&query=NR%20Construction%20Concepts%20LLC&query_place_id=ChIJk5EvpfhS7ogRJ4Eg2xTrccc
GH Gate Products,https://www.ghgateproducts.com/,,,(360) 241-0880,"300 W 15th St suite 300-2, Vancouver, WA 98660 Vancouver",,16,,,,,0,0,0,,1,Vancouver,https://perezlandscapingmaintenanceor.com/,https://www.google.com/maps/search/?api=1&query=Perez%20Landscaping%20Maintenance%20LLC&query_place_id=ChIJJS6SMXuvlVQRiM7PI0pzAbA
Pacific NW Landscape & Tree Services,https://pacificnwpdx.com/,,info@pacificnwpdx.com,(971) 201-9413,"3830 E 18th St, Vancouver, WA 98661 Vancouver",4.9,0,,,,,0,0,0,(360) 256-5896,1,Vancouver,http://www.ablefenceinc.com/,https://www.google.com/maps/search/?api=1&query=Able%20Fence%20Company%20Inc.&query_place_id=ChIJlcW_uVWulVQRQBoQdrYxjVI
,,,,,,,41,,,,,0,0,0,(360) 356-6842,0,Camas,https://www.fencesbycowboycreek.com/,https://www.google.com/maps/search/?api=1&query=Cowboy%20Creek%20Construction&query_place_id=ChIJfYvbhmTQ14IRycIr5HgSKj0
,,,,,,,,,,,,0,0,0,(360) 241-0880,0,Vancouver,https://www.ghgateproducts.com/,https://www.google.com/maps/search/?api=1&query=GH%20Gate%20Products&query_place_id=ChIJVVXl4bWolVQR63GQbQCW86k