Company,Website,Phone,Email,Owner,Rating,Review Count,City
Mercurio's Heating & Air Conditioning,https://www.mercurios.com/,(253) 765-8638,,,4.9,4489,Tacoma
Summit Heating & Air Conditioning,,(253) 242-5208,,,4.8,117,Tacoma
Energy Saver Solutions Inc - HVAC & Insulation Tacoma,https://energysaversolutionswa.com/,(206) 800-0214,,,5,195,Tacoma
Dynamic Services,https://dynamicheatandair.com/,(253) 348-1625,rpanckeri@gmail.com,,4.9,139,Tacoma
All Seasons Inc.,https://wantheat.com/,(253) 879-9144,,,4.8,169,Tacoma
Narrows Heating & Air Conditioning,http://www.narrowsheating.com/,(253) 627-7543,narrows@narrowsheating.com,,4.9,471,Tacoma
"Beacon Plumbing, Heating, Electrical & Mechanical Inc - Tacoma",http://www.beaconplumbing.net/tacoma-plumber,(253) 473-3294,,,4.8,1492,Tacoma
Heating & Cooling Installation Services Tacoma,,(253) 402-5354,,,5,3,Tacoma
Superior Air Services,,(425) 359-0457,,,3.5,8,Tacoma
All-Ways Air Control,,(253) 383-7718,,,4.3,6,Tacoma
MacDonald-Miller Facility Solutions,https://macmiller.com/,(206) 763-9400,,,3.9,14,Tacoma
Home Services at The Home Depot,https://www.homedepot.com/l/N-Tacoma/WA/Tacoma/98409/4720/services?emt=HSGMBGoogleMaps,(844) 476-2140,,,3,4,Tacoma
Morgan HVAC Services,,(253) 498-2877,,,,0,Tacoma
Nora Cooper HVAC Services,,(253) 498-2878,,,,0,Tacoma
Durgan HVAC Services,,(253) 369-3528,,,,0,Tacoma
Addison HVAC Services,,(253) 369-4358,,,,0,Tacoma
"Harts Plumbers, Electricians, & HVAC Technicians",https://hartsservices.com/locations/tacoma/?utm_source=google&utm_medium=organic&utm_campaign=gmb_tacoma&se_campaign=gmb_tacoma,(253) 300-0664,marketing@hartsservices.com,,4.8,4950,Tacoma
Tacoma Heating & Cooling,,(253) 289-7071,,,4.6,10,Tacoma
Kohler Heating & Air Conditioning,http://www.kohlerheating.com/,(253) 858-8922,Customerservice@kohlerheating.com,,4.8,4,Tacoma
Sunbelt Rentals Power & HVAC,https://www.sunbeltrentals.com/location/wa/tacoma/power-hvac-equipment-rentals/348/?utm_source=gmb&utm_medium=organic&utm_campaign=pc348&y_source=1_MTc2MDU5MTYtNzE1LWxvY2F0aW9uLndlYnNpdGU%3D,(253) 922-6995,,,3.9,11,Tacoma
"DEAR Services Electrical Repair, Plumbing & Heating, Air Conditioning",https://www.dearservices.net/tacoma-plumbing-services/?utm_campaign=gmb&utm_medium=organic&utm_source=gmb,(206) 558-8690,,,4.9,517,Tacoma
Tacoma HVAC,,(253) 218-4868,,,,0,Tacoma
Sound Energy Systems,http://www.soundenergysystems.com/,(253) 475-3525,webmaster@soundenergysystems.com,,3.3,4,Tacoma
Tacoma HVAC Services: Heating & Air Conditioning,,(253) 214-4487,,,3.3,19,Tacoma
Tacoma Air Conditioning and Heating,,(206) 339-6619,,,4,28,Tacoma
Precision Air Conditioning & Heating,,(253) 238-3463,,,5,16,Tacoma
Tacoma Heating and Cooling,,(253) 262-5787,,,4.4,17,Tacoma
Above the Best HVAC Inc,https://abovethebesthvac.com/,(253) 535-6000,service@abovethebesthvac.com,,5,9,Tacoma
Air Solutions,,(360) 400-1492,,,3.8,5,Tacoma
Tacoma Mini​​ ​​Split Installatio​​n,https://piercecountyplumberac.com/tacoma-mini-split-ac-installation-repair,(253) 683-8293,,,5,2,Tacoma
Tacoma Heating and Air Conditioning,,,,,5,4,Tacoma
Air Systems Engineering,https://asei.ws/,(253) 572-9484,construction@asei.ws,,3.3,10,Tacoma
Trusted Plumbing & Heating LLC - Tacoma,https://www.trustedplumbingheating.com/,(206) 737-7379,service@trustedplumbingheating.com,,4.7,37,Tacoma
Heating And Cooling Tacoma,,(253) 402-4864,,,3.7,23,Tacoma
"Best Choice Heating, LLC",https://www.bestchoiceheating.com/,(253) 255-1705,,,4.9,41,
Heatwave Heating & Air LLC,http://heatwaveha.com/,(253) 245-8975,Dean@heatwaveha.com,,5,17,
Aakool Heating and Cooling,https://aakool.com/,(425) 470-3516,,,4.9,47,Tacoma
RUSS Heating and Cooling,https://www.russhvac.com/,,russheatingandcooling@gmail.com,,4.9,40,Tacoma
"Mechanical & Control Services, Inc.",http://www.mechanicalcontrolservices.com/,(253) 926-9777,,,3.8,16,Tacoma