Company Name,Website,Owner/Management,Email,Phone,Location ,reviewsCount,,,,,,,,,,,
Rare Bears Fencing,https://www.rarebearsfencing.com/,-,info@rarebearsfencing.com,(206) 202-9157,Seattle,24,,,,,,,,emails/0,,city,website
Gibson Fence and Deck,https://gibsonfenceanddeck.com/deck-and-fence-contractor-west-seattle/?utm_source=google_my_business&utm_medium=local_listing&utm_campaign=west_seattle_gmb,Damon Gibson,Gibson@gibsonfenceanddeck.com,(206) 387-1002,Seattle,47,,,,,,,,info@salleauriol.com,,Seattle,http://www.salleauriol.com/
Rain City Fence,https://raincityfence.com/,Caleb Helm,fence@raincityfence.com,(206) 886-6234,Seattle,140,,,,,,,,club@fleurdelysfencing.org,,Seattle,http://www.fleurdelysfencing.org/location.html
Top Rail Fence Seattle,https://toprailfences.com/locations/seattle/?utm_source=gmb&utm_medium=gmb&utm_campaign=gmb&utm_id=gmb,John Schussler ,seattle@toprailfence.com,(206) 312-2925,Seattle,66,,,,,,,,info@rarebearsfencing.com,,Seattle,https://www.rarebearsfencing.com/
Cain Fence and Deck,http://www.cainfenceanddeck.com/,Chris Cain,-,(206) 571-8762,Seattle,28,,,,,,,,Gibson@gibsonfenceanddeck.com,,Seattle,https://gibsonfenceanddeck.com/deck-and-fence-contractor-west-seattle/?utm_source=google_my_business&utm_medium=local_listing&utm_campaign=west_seattle_gmb
Quality Roofing Fence and Deck LLC,http://qualityroofinganddeckllc.com,-,-,(206) 371-3628,Seattle,4,,,,,,,,fence@raincityfence.com,,Seattle,https://raincityfence.com/
West Seattle Fence,https://www.westseattlefence.com/,-James and Patty Ritchie,hello@westseattlefence.com,(206) 459-5828,Seattle,11,,,,,,,,,,,https://toprailfences.com/locations/seattle/?utm_source=gmb&utm_medium=gmb&utm_campaign=gmb&utm_id=gmb
SeattleFence.com,https://seattlefence.com/,Andrew,-,(253) 766-5854,Seattle,13,,,,,,,,,,Seattle,http://www.cainfenceanddeck.com/
Defining Fence,https://definingfence.com/,Dilon Maslach ,definingfence@gmail.com,(206) 276-5390,Seattle,29,,,,,,,,,,,
Harbison Fencing,https://mercerisland.harbisonfencing.com/#carousel_01da ,-,Laurice@harbisonfencing.com,(206) 886-6237 or (847) 686- 7875,Mercer Island,0,,,,,,,,Gibson@gibsonfenceanddeck.com,,Seattle,https://www.gibsonfenceanddeck.com/deck-and-fence-contractor-capitol-hill/?utm_source=google_my_business&utm_medium=local_listing&utm_campaign=capitol_hill_gmb
Riggins Construction LLC,http://www.rigginsconstructionllc.com/,Ryan Riggins,rigginsconstructionllc@yahoo.com,(206) 370-9198,Seattle,60,,,,,,,,,,,https://www.westseattlefence.com/
,,,,,,,,,,,,,,,,Seattle,https://seattlefence.com/
"Green = called already, got information",,,,,,,,,,,,,,definingfence@gmail.com,,,https://definingfence.com/
Dull green = called but no one picked up,,,,,,,,,,,,,,,,Seattle,http://seattle.harbisonfencing.com/
Red = called and owner did not want to share information,,,,,,,,,,,,,,rigginsconstructionllc@yahoo.com,,Seattle,http://www.rigginsconstructionllc.com/