,,,,,,,,
Company Name,address,city,emails/0,emails/1,website,phone,review_rating,review_count
A to Z Tree Care and Services,"14000 SE Cascade Park Dr, Vancouver, WA 98683",Vancouver,,,https://www.facebook.com/AtoZTreeCare/,(360) 980-1530,review_rating,review_count
K and I Tree service Corp.,"9311 NE Burton Rd, Vancouver, WA 98662",Vancouver,,,,(360) 836-9363,4.4,9
E&S Tree Service,,,smitheric010@hotmail.com,,http://www.eandstree.com/,(360) 773-4789,4.8,11
"One Hope Tree Service & Construction, LLC","5305 NE 121st Ave, Vancouver, WA 98682",Vancouver,,,,(360) 441-7599,4.9,116
Best For Less Tree Care,"2508 NE 138th Ave, Vancouver, WA 98684",Vancouver,,,,(360) 771-1450,4.9,61
Toto's Tree Service LLC,"4606 Plomondon St, Vancouver, WA 98661",Vancouver,,,https://totostreeservice.com/,(503) 519-4767,5,30
Tony's Tree Service,"1916 SE 97th Ave, Vancouver, WA 98664",Vancouver,tony@tonystreespdx.com,,https://tonystreespdx.com/,(503) 720-9331,4.7,12
Green Olive Tree Service LLC,"4303 E 17th St, Vancouver, WA 98661",Vancouver,,,https://www.greenolivetreeservicellc.com/,(360) 607-9198,5,12
Vancouver Tree Specialists,"9107 E Mill Plain Blvd, Vancouver, WA 98664",Vancouver,vantreespecialists@gmail.com,,http://vancouvertreespecialists.com/,(360) 600-4067,5,18
Northwest Treesmith,,,,,,(360) 281-4590,5,72
Green's Tree Service,,,,,,(360) 524-1776,,0
ALEXA'S TREE SERVICE LLC,,,,,,(360) 723-6688,5,1
Vancouver Urban Forestry,"4500 SE Columbia Way, Vancouver, WA 98660",Vancouver,,,,,,0
Chambers Tree Service,"1021 NE 93rd Ave, Vancouver, WA 98664",Vancouver,,,,(971) 645-6171,,0
Respect The Sign LLC,"5901 NE 91st Ave, Vancouver, WA 98662",Vancouver,,,http://respectthesignllc.com/?utm_source=gmb&utm_medium=referral,(360) 241-2100,1,1
One Hope Tree Service & Construction Llc,"7916 NE 30th St, Vancouver, WA 98662",Vancouver,,,,,4.7,12
"Accurate Tree Experts, Inc","Vancouver, WA 98662",Vancouver,,,,(503) 830-9500,3.2,9
4 A's Tree Services,"2906 St Johns Blvd, Vancouver, WA 98661",Vancouver,Info4astreeserv@yahoo.com,,https://4astreeservices.com/,(360) 513-5150,5,8
Arborscape Tree Care,"1403 Washington St, Vancouver, WA 98660",Vancouver,,,http://www.arborscapetreecare.com/,(360) 944-5124,4.6,34
Tree Climber NW LLC,"4701 NE 72nd Ave Unit 154, Vancouver, WA 98661",Vancouver,sales@treeclimbernw.com,,https://www.treeclimbernw.com/,(360) 772-8973,5,16
SavATree,"6212 NE 152nd Ave, Vancouver, WA 98682",Vancouver,,,https://www.savatree.com/locations/woodinville-washington/?utm_source=GMB&utm_medium=organic&utm_campaign=vancouver,(503) 645-2242,5,10
NW Reliable Home Services,"13714 NE 28th St Suite 14, Vancouver, WA 98682",Vancouver,,,https://nwreliablehomeservices.com/,(360) 713-8022,5,3
Alexa's Tree Service,,,,https://www.alexastreeservicellc.net/?y_source=1_MjAxNTMzMTExNi03MTUtbG9jYXRpb24ud2Vic2l0ZQ%3D%3D,,(360) 723-6688,4.9,145
Peak Tree Specialists,"6302 NE 127th Ave, Vancouver, WA 98682",Vancouver,,,https://www.peaktreespecialists.com/,(503) 563-8025,5,109
Holistic Tree Works,,,holistictreeworks@gmail.com,Holistictreeworks@gmail.com,http://www.holistictreeworks.com/,(318) 317-7250,5,2
Green IQ Landscaping,,,,,,(360) 442-9645,,0
Diego P Tree Services,"202 SE 157th Ave, Vancouver, WA 98684",Vancouver,diegopetronilo@yahoo.com,,https://diegoptreeservices.us/,(360) 910-8917,5,1
⚡️LIGHTNING TREE SERVICES LLC⚡️,"5900 NE 131st Ave, Vancouver, WA 98682",Vancouver,LighthingTreeService@outlook.com,,http://www.walightningtreeservice.com/,(360) 980-7886,5,30
A Reasonable Tree Service,,,,,,(925) 665-6069,5,37
A & L Construction R,,,,https://treeservice-vancouverwa.com/,,(360) 282-2652,5,1
Pacific NW Landscape & Tree Services,"3830 E 18th St, Vancouver, WA 98661",Vancouver,info@pacificnwpdx.com,,https://pacificnwpdx.com/,(971) 201-9413,5,1
LIGHTNING TREE SERVICE LLC,,,LighthingTreeService@outlook.com,,http://walightningtreeservice.com/,(360) 980-7886,4.9,41
TREE WARRIOR,,,Thankthelord777@gmail.com,,https://treewarriorllc.com/,(360) 335-4746,5,4
"Alpha Tree Care, LLC","1218 NW 53rd St, Vancouver, WA 98663",Vancouver,,,https://alphatreecarellc.com/?utm_source=google&utm_medium=organic&utm_campaign=google_business_profile,(360) 991-1642,5,81
,,,,,,,4.8,89