Company Name,Website,Email,Owner/Management,Phone,Location,Reviews Rate,Reviews Count
Rainier Roofing Company,https://www.rainierroofingcompany.com,andrewv@rainierroofingcompany.com,Jared Montoya,(206) 347-8191,Seattle,4.8,157
Ryan Tait Flat Roof and Home Repair LLC,https://www.facebook.com/RyanTaitFlatRoofingandHomeRepair,ryantait760@gmail.com,-,+1 425-599-8018,Edmonds,,0
SBL Seattle General Contractor,-,-,-,+1 206-800-0449,Seattle,,0
Evergreen NW Roofing,https://evergreennwroofing.com,-,Francisco,+1 206-739-4416,Seattle,,0
Gibson Fence and Deck,https://www.gibsonfenceanddeck.com/deck-and-fence-contractor-capitol-hill/?utm_source=google_my_business&utm_medium=local_listing&utm_campaign=capitol_hill_gmb, gibson@gibsonfenceanddeck.com,Damon Gibson,+1 206-387-1001,Seattle,5,37
Iconiq Construction,http://iconiqconstruction.com/, iconiqconstruction@gmail.com,-,+1 206-396-0752,Seattle,4.9,64
101 Construction LLC,-,-,Baba Madeline Todorovich,+1 206-999-4661,Seattle,3,4
Lynx Construction Solutions,-,-,-,+1 773-812-1501,- ,5,5
AAD Roofing of Seattle,-,-,-,+1 206-743-9795,Seattle,,0
Seattle Roofing & Construction,-,-,-,+1 833-423-2240,Seattle,,0
Intercrus Decks,https://intercrusdecks.com/, info@intercrus-service.com,-,+1 206-594-3404,Seattle,4.8,19
Build-Up Construction,https://build-up-construction.com/,info@build-up-construction.com,Dekel Arbel,+1 425-981-5058,Seattle,5,52
Intercrus Siding,https://intercrussiding.com/, info@intercrus-service.com,-,+1 206-984-2749,Seattle,5,3
Horizon renovation LLC,https://horizonrenovationwa.com/, horizonrenovationwa@gmail.com,-,+1 425-524-7440,Seattle,5,4
The Garage Door Company,-,-,- ,+1 206-735-4537,Seattle,5,2
"SLUE Attic Insulation & Roofing Services Seattle, WA",-,-,-,+1 206-593-2482,Seattle,3,4
"FRA Attic Insulation & Roofing Services Co, WA",-,-,-,+1 206-579-3334,Seattle,5,2
Roofing Repair Guy,https://roofingrepairguy.com/seattle-wa/,-,Ray R. Driscoll,+1 206-207-2039,Seattle,,0
"VSM Copper, LLC",-,vsmcopper@comcast.net,-,+1 206-935-7174,Seattle,5,1
SOCOTEC,https://www.socotec.us/, dataprotection@socotec.us,- ,+1 206-467-0054,Seattle,5,2
Seattle Roofing Helper,-,-,-,+1 206-360-0212,Seattle,4.4,13
Seattle Authentic Roofing & Siding,-,-,-,+1 253-765-5754,Seattle,5,5
Roof 4 Life,https://roof4life.org/roofing/, r4lifehelps@gmail.com,-,+1 206-427-2572,-,5,1
"BBR Attic Insulation & Roofing Services Co, WA",-,-,-,+1 253-340-5278,Seattle,5,3
Gravity Roofing LLC,https://gravityroofingwa.com/, gravityroofingllc@gmail.com,Geronimo Moran Villegas,+1 253-232-4316,- ,5,78
"Guardian Roofing, Gutters & Insulation",https://www.guardianroofing.com/?utm_source=google&utm_medium=gbp-sea&se_campaign=GBP%20-%20Seattle,-,Lori Swanson & Matt,+1 425-600-1289,Seattle,4.6,51
Emerald Roofers Seattle,https://emeraldroofersseattle.com/, info@emeraldroofersseattle.com,- ,(206) 210-2644,Seattle,4.9,14
Seattle Roofing Contractors,-,-,-,+1 425-799-2249,Seattle,5,1
Oasis Construction Group Inc,https://oasisconstruct.com/, elliot@oasisconstruct.com,Elliot James Resposa,+1 206-906-9794,- ,4.6,20
Gurr Brothers of Seattle,https://gurrbrothersroofing.com/, contact@gurrbrothersroofing.com,Bryce Gurr,+1 206-627-0982,-,5,158
Mitchell Brothers Roofing,https://mitchellbrothersseattle.com/,- ,Layton Mitchell ,+1 206-360-8452,Seattle,5,5
Tyers Roof Repair & Replacement,http://rickpick.tech/, admin@rickpick.tech,- ,+1 253-434-8334,Seattle,5,16
Adams Family Roofing,-,-,-,+1 206-672-3100,Seattle,4.9,65
"NSC Builders, LLC",https://nscbuilders.com/,-,Fran and Russ M. ,+1 425-495-0326,Seattle,4.9,16
Vasa Roofing West Seattle,-,-,-,+1 206-202-7779,Seattle,4.6,11
Sea Renovation,https://searenovation.com/?utm_source=google&utm_medium=gmb&utm_campaign=seo,Info@Searenovation.com,Ben Liozenkov,+1 206-549-8961,Seattle,5,67
Absolute Quality Roof Restoration,http://www.absolutequalityroof.com/,absolutequalityrr@gmail.com,Trent,+1 206-604-8098,Seattle,5,51
Three Tree Roofing,https://www.threetreeroofing.com/contact-three-tree-roofing/three-tree-roofing-seattle-company-office/,info@threetreeroofing.com,CJ McConaghy,+1 206-210-3300,Seattle,5,79
Archetype Roofing,https://archetyperoofing.com/, info@archetyperoofing.com,Ryan Flegel & Vasyl Kostashchuk,+1 866-549-2570,Seattle,5,14
Checkmate Roofing and Construction,http://www.checkmateroofing.com/,-,-,+1 425-985-9909,Seattle,4.8,26
John Michael Roofing,http://johnmichaelroofing.com/,- ,John Michael,+1 206-201-1148,Seattle,5,14
Chet's Roofing,http://www.chetsroofing.com/, office@chetsroofing.com,Helen & Chet Chmielinski,+1 206-935-5617,Seattle,5,1
A Better Roofing Company,https://www.abetterroofing.com/?utm_source=google&utm_medium=GMB&utm_campaign=profile, abr@abetterroofing.com,Kurt & Scott MacMillan,+1 206-935-1575,Seattle,4.8,106
Andrew & Sons Roof Repair,https://martinezsonsroofrepair.com/seattle-wa/,-,-,+1 206-590-4460,Seattle,4.8,69
Compton Builders | Asphalt Paving | Roofing Company,https://compton-builders.com/, info@compton-builders.com,Shirley Stacey-Comans,+1 206-338-1625,Seattle,4.7,30
Greater Seattle Construction And Foundation repair,https://greaterseattleroofing.com/,- ,Nicholas Clark,(206) 579-2091,Seattle,5,58
Chase Roofing & Construction - Seattle,https://chasenw.com/, info@chasenw.com,Chase Beattie,+1 253-544-3651,Seattle,5,3
Amigo Gutters Inc.,https://amigogutters.com/?utm_source=google&utm_medium=maps&utm_campaign=seolocal&utm_content=seattle, amigogutters@gmail.com,Tomas Uriostegui,(206) 898-8408,Seattle,3,2
Chinook Services Cleaning,https://chinookservices.com/, sales@chinookservices.com,Jay Bjorn,(425) 290-5835,Seattle,4.9,47
Seattle Mold Experts,-,-,-,(206) 360-6316,Seattle,4.6,9
Omarâ€™s Demolition And Construction,https://omardemoandcinstruction.com/, omoaroropeza@gmail.com,Omar Oropeza,(206) 450-6885,Seattle,5,64
"MB Attic Insulation & Roofing Services, WA",-,-,-,(253) 340-5234,Seattle,4,4
KV construction LLC - Seattle Siding,https://kvconstruction.net/?utm_source=google_profile&utm_campaign=localo&utm_medium=mainlink,KVconst@comcast.net,Vasily Kramarenko,(206) 395-1021,Seattle,5,19
Tecta America Seattle Commercial Roofing,http://www.tectaamerica.com/commercial-roofing-seattle-washington/,info.seattle@tectaamerica.com,Matthew Horn,(206) 522-5436,Seattle,1,1
Custom Deck Builder,https://deckbuilderseattlewa.com/, info@deckbuilderseattlewa.com,- ,(206) 672-0881,Seattle,5,15
Express Chimney Sweep & Repair - Shoreline WA,https://www.expressroofingnsiding.com/,-,-,(206) 558-4771,-,5,15
"MDR Attic Insulation & Roofing Services Co, WA",-,-,-,(253) 303-7108,Seattle,5,5
Seattle Roofing Contractors,http://roof-contractor.org/Seattle-WA.html,-,-,(206) 965-8943,Seattle,,0
Sandstrom Construction,http://sandstromconstruction.com/, quotes@sandstromconstruction.com,Jeff and Kalie Sandstrom ,(206) 235-3373,Seattle,5,2
Sharp Roofing,-,-,-,(206) 367-7663,Seattle,4.2,57
Gu-Wi Gutters & Windows,https://www.gu-wi.com/, 4894support@gu-wi.com,Danny,(833) 438-4894,Seattle,4.4,302
B & B Roofing & Construction,https://bbroofingwa.com/,-,Steve Berndt ,(206) 632-7221,Seattle,3.8,4
"Yellow Attic Insulation & Roofing Services Seattle, Wa",-,-,-,(425) 464-5762,Seattle,5,3
Davis Brothers Roofing & Remodeling,-,-,-,(206) 600-6966,Seattle,4.8,65
Revolution Roofing,https://therevolutionroofers.com/, info@therevolutionroofers.com,Chris Cunningham,(206) 438-3701,Seattle,,0
Navarro Family Leak Detection,-,-,-,(206) 944-6500,Seattle,4.6,29
REVEX EXTERIORS,http://www.revexexteriors.com/,info@revexexteriors.com,Celina & Estefany,(888) 698-8878,Seattle,5,43
State Roofing & Exteriors,https://stateroofing.com/about-us/service-areas/home-improvement-contractor-seattle/, estimates@stateroofing.com,Justin,+1 866-766-3766,Seattle,4.7,32
Roof Moss & Gutters Floss - Seattle,https://www.roofmossgutterflosspros.com/home,-,-,(206) 670-6021,Seattle,4.6,42
Roofing Specialists Northwest,https://roofingspecialistsnw.com/, info@roofingspecialistnw.com,Dave,(425) 741-3744,Seattle,5,3
Levite Construction CO,https://seattleconstructionco.com/, info@leviteconstruction.com,Yair Levi & Natali Levi,(425) 998-8958,Seattle,5,40
Seattle Roofing Services,https://seattle-roofing-services.ueniweb.com/?utm_campaign=gmb,vertiganutau@gmail.com,- ,(954) 678-2014,Seattle,5,10
Trade Roofing,https://traderoofing.com/, contact@traderoofing.com,- ,(206) 339-8545,Seattle,5,13
Robert Gardner Roofing,https://gardner-roofing.com/,-,Robert Gardner,(206) 498-0691,Seattle,4.5,31
Budget Roofing LLC,http://budgetroof.org/,-,-,(206) 550-8948,Seattle,5,3
Interlock Metal Roofing - Seattle,https://www.washingtonmetalroofing.com/,scott@washingtonmetalroofing.com,- ,(206) 589-8423,Seattle,4.7,32
Cloudline Roofing,-,-,-,(360) 519-2244,Seattle,,0
Perdigon Roofing,http://www.perdigonroofing.com/, colin@perdigonroofing.com,Colin Knutsen,(206) 750-6653,Seattle,5,44
Summerflex Roofing & Construction LLC,http://www.summerflexconstruction.com/, contact@summerflexconstruction.com,Juan Carlos,(425) 459-0093,Seattle,4.8,49
Mountaintop Metal Roofing,https://www.mountaintopmetalroofing.com/location/seattle/?utm_source=google&utm_medium=organic&utm_campaign=seattle+&utm_content=gbp,customerservice@mountaintopmetal.com,Glenn Boss,(206) 339-9070,Seattle,5,52
RW Restoration,https://rwrestorationwa.com/, info@rwrestorationwa.com,Ryan Anderson,(206) 202-8073,Seattle,4.9,43
OC Air duct & Dryer vent cleaning and Pest control services of WA,http://oregonroofconsulting.com/superroofer_blog, joe@oregonroofconsulting.com,Joe Sardotz ,(503) 654-4612,Seattle,,0
Building Envelope Technology & Research,http://www.bet-r.com/, info@bet-r.com,- ,(206) 405-3455,Seattle,5,1
QXO (Waterproofing),https://www.qxo.com/,- ,Brad Jacobs,(206) 623-4697,Seattle,4.8,30
Elite Construction Services LLC,http://www.eliteconstruction.ai/, eliteconstruction100@gmail.com,Gustavo Lopez Mejia,(425) 954-7696,Seattle,5,2
Builders Service Company,https://www.buildersservicecompany.com/,- ,Mason Ruppel ,(206) 430-1927,Seattle,4.3,6
Level Line Gutters & Downspouts Inc,http://levellinegutters.com/Contact.html,-,Mark Sewell ,(206) 937-0867,Seattle,4,2
Gaspar's Construction,https://www.gaspars.com/, jim@gaspars.com,Sarah Henry ,(206) 324-8199,Seattle,4.6,90
Total Construction LLC,https://totalconstruction.pro/, alexandros@totalconstruction.pro,Saied Arvanetes ,+1 206-471-3447,Seattle,5,18
SFW Construction,https://www.sfwconstruction.com/locations/seattle/?utm_source=googlemaps,- ,Steve Wade,+1 206-462-1270,Seattle,4.7,53
965 Construction,-,- ,- ,+1 425-406-4799,Seattle,5,1
Frank General Contractor and Roofing Services,https://www.frankgeneralcontractor.com/, frankgeneralcontractor1@gmail.com,Frank Figueroa,+1 425-777-1777,Seattle,4.8,8
"RSG Attic Insulation & Roofing Services Seattle, WA",- ,- ,- ,+1 253-361-4366,Seattle,4.8,8
Puzzle Construction Group,https://puzzleconstructiongroup.com/,-,Yevheniia Vladarchyk,+1 425-671-1499,Seattle,5,14
Phillips Roof Repair,https://phillipsroofseattle.com/,-,Marcus Phillips ,+1 206-238-3570,Seattle,5,7
M&H Services LLC,https://mnhroofingservices.com/contact/,mnhroofing@gmail.com,Yanai Maskalchi,(206) 300-8576,Seattle,4.9,129
Home Services at The Home Depot,https://www.homedepot.com/l/Bitterlake/WA/Seattle/98133/4706/services?emt=HSGMBGoogleMaps,,,(844) 476-2140,Seattle,3.5,33
Pure Construction LLC,https://www.pureconstructionnw.com,pure@pureconstructionllc.com,Gerardo Sibrian,+1 206-468-6853,- ,5,29
BRD Roofing Inc.,http://brdroofing.com/,- ,"Bill, Russ, & Dale ",+1 206-767-2995,Seattle,4.5,2
Krueger Sheet Metal Co,http://www.kruegersheetmetal.com/, info@ksmetal.net ,Tom Brandt ,(206) 283-4771,Seattle,4.3,4
Home Services Plus,https://homeservicesplus.pro/locations/wa/capitol-hill-remodeling/,- ,-,(206) 339-2928,Seattle,5,21
Rivas Roofing,-,- ,-,+1 206-850-1268,- ,5,4
VH Roofing and Construction,- ,Isais7547@gmail.com,- ,(206) 960-5332,Seattle,5,1
Volcano Builders,https://volcanobuilders.com/, contact@volcanobuilders.com,Bar Unger ,(206) 800-8660,Seattle,4.9,57
Tappert Homes LLC,http://tapperthomes.com/, mike@tapperthomes.com,Michael Tappert ,+1 206-999-0210,Seattle,5,7
Stanford Construction,,- ,-,+1 206-714-8763,Seattle,5,1
Ike's Repairs,http://www.ikesrepairs.com/,-,Ike Y. ,+1 206-747-4017,Seattle,5,5
Targa Homes,https://www.targahomes.com/,-,Sean Conta ,-,- ,5,3
"A R Roofing Services - Roof Repair, Maintenance & Replacement Contractor, Professional Roofing Company",-,-,-,+1 206-649-7890,- ,,0
Colorado Steel Sash Co Inc,http://www.coloradosteelsash.com/, bradw@coloradosteelsash.com,Brad Weeks,+1 800-346-6856,Seattle,4.9,19
Renovate Builders,https://renovatebuilders.com/, office@renovatebuilders.com,Orel Abergel ,+1 425-589-1089,Seattle,5,21
Rick's Roofing,http://www.ricksroofingllc.com/, info@ricksroofingllc.com,Ricardo Bowman Jr. ,+1 206-928-0572,-,5,14
Mallory Contracting LLC,-,-,Richard,(206) 478-5001,Seattle,,0
"Nordic Services, Inc.",https://nordicservices.com,-,David Omli,(206) 522-9570,Seattle,3.9,15
Renova Contractors LLC,https://renova.contractors/,sales@renova.contractors,- ,(206) 255-2708,Seattle,5,31
"CertaPro Painters of Seattle, WA",https://certapro.com/seattle/?utm_source=google&utm_medium=organic&utm_campaign=gmb,CustomersForLife@certapro.com,Joey Sullivan ,(206) 524-6448,Seattle,4.8,177
Emerald Isle Construction & Tile,http://www.emeraldisletile.com/, info@emeraldisletile.com,Andrew Norris,(206) 466-2995,Seattle,5,3
"Bricksmith Masonry | Masonry contractor in Seattle, Washington",http://bricksmithmasonry.com/, bricksmithco@gmail.com,Christopher Smith ,(253) 318-5718,Seattle,5,8
"Quality Remodeling & Restoration, LLC",-,-,Damon Johnson ,(206) 295-1749,Seattle,5,2
Wylie's Reliable Services LLC,https://wrspainting.com/,-,Jacob Wylie,(858) 322-7152,Seattle,5,32
Tera Painting,https://www.terapainting.com/, info@terapainting.com,Alex and Matthew Houghton ,(425) 245-3161,Seattle,5,141
Porter Construction Inc.,http://www.porterci.com/,- ,John Porter,(206) 634-2955,Seattle,4.1,9
Synapse Construction,https://www.synapseconstruction.com/,- ,Kyle,+1 206-504-3162,Seattle,4.8,36
Precision Sheet Metal Fab,http://www.psmfseattle.com/, psmfseattle@gmail.com,Chuck Ihrig,(206) 362-1195,Seattle,4.8,41
Windorco Supply Inc.,http://windorco.com/,-,Greg Staats ,(206) 784-9440,Seattle,5,161
Ace Handyman Services North Seattle,https://www.acehandymanservices.com/offices/north-seattle,-,Roelof Nel ,(206) 413-9812,Seattle,4.8,16
Seattle Sound Construction,https://www.seattlesoundconstruction.com/,-,-,(509) 607-1476,-,5,1
"Littlefield Construction, LLC",http://littlefieldconstructionllc.com/, rufus@littlefieldconstructionllc.com,Rufus Littlefield,(206) 375-4782,Seattle,5,4
Royal Water Damage Repair Seattle,https://www.royalwaterdamagerepair.com/index.php/water-damage-repair-seattle/,-,-,(253) 765-9798,Seattle,5,23
Creative Paving & Masonry LLC,https://creativepavingandmasonryllc.com/, creativepavingandmasonryllc@gmail.com,-,(206) 608-2606,Seattle,5,5
"Tatley-Grund, Inc.",http://www.tatleygrund.com/,- ,Stace Grund,(206) 523-4653,Seattle,4.4,18
Sphere Solar Energy,http://www.spheresolarenergy.com/,info@spheresolarenergy.com,Edwin Wanji ,(206) 362-3780,Seattle,4.8,72
Rhino Construction,http://www.rhinoco.biz/, office@rhinoco.biz,-,(206) 516-9888,Seattle,4.6,10
Seattle Pros,https://www.seattle-pros.net/,-,-,+1 206-339-0080,-,,0
UNIQUE Home Construction,https://www.uniquehomeco.com/, info@uniquehomeco.com,Reza Amirisefat ,(206) 717-7314,Seattle,4.7,29
Flaming Toaster Construction,https://flamingtoaster.com/, flamingotoasterCHS@gmail.com,Ben Milano,(206) 584-9789,-,5,8
Thompson Water Damage,https://thompsonwaterdamagewa.com/, michael@thompsonwaterdamagewa.com,-,(564) 222-7568,Seattle,5,9
Crescent Builds,http://www.crescentbuilds.com/, info@crescentbuilds.com,August & Emilee,(206) 362-3882,Seattle,4.6,22
"PCX Attic Insulation & Roofing Services Seattle ,WA",-,-,-,(253) 338-8261,Seattle,5,2
Upper West Exteriors,https://upperwestexteriors.com/?utm_source=GoogleBusinessProfile&utm_medium=organic,Info@UpperWestExteriors.com,Mike Tappert ,(206) 208-6880,Seattle,5,23
Pelletier Construction Group,http://pelletierconstructiongroup.com/,ryan@pelletier.construction,Ryan Pelletier,(907) 841-7274,Seattle,5,11
Deck Builder Seattle,https://deckbuilderseattlewa.com/, info@deckbuilderseattlewa.com,-,+1 206-203-5223,Seattle,5,27
Acuyser Roofing LLC,https://www.acuyserroofingwa.com/,-,Onesimo Sanchez,(206) 354-6225,Seattle,5,2
"Dang Construction, LLC",http://www.dangconstruction.com/, info@dangconstruction.com,Sam Dang,(206) 229-5912,Seattle,,0
Queen Anne Renovations,https://www.queenannerenovations.com/, queenannerenovations@gmail.com,Andon McIrvin,(206) 419-3754,Seattle,5,14
New Standard Building Materials,https://www.nsbmseattle.com/?utm_campaign=gmb, inquiry@nsbmseattle.com,Vitaliy Afichuk,(206) 971-6942,Seattle,5,178
MRN Homes,http://mrn-homes.com/,-,Michael Nelson,(206) 985-0212,Seattle,3.9,31
Eco-Design&Build,http://www.seattlepainterhandyman.com/, ecofriendly1@gmail.com,Patrick Prendergast,(360) 551-3464,Seattle,5,3
Howard Homes Seattle,http://www.howardhomesseattle.com/, howardhomesseattle@gmail.com,Howard Garton,(206) 407-4653,Seattle,4.2,5
Tile Roofing Industry Alliance,https://tileroofing.org/,info@tileroofing.org,Mark Schouten,(206) 209-5300,Seattle,5,1